Position,Company,Locatixon,URL
커머스 플랫폼 개발자 (프론트엔드 - JavaScript  React)의 전체 세부 정보,컬리,서울 강남구,https://kr.indeed.com/rc/clk?jk=d62f5feaef0f1384&fccid=84f556ede0522ba3&vjs=3
[Super Labs] Front-end 개발 체험형 인턴의 전체 세부 정보,슈퍼랩스,성남 분당구,https://kr.indeed.com/rc/clk?jk=ad7ebd62db8a1607&fccid=926b53554ad40afe&vjs=3
Front-end 개발자 (React  React Native)의 전체 세부 정보,쉐어잇,서울 강남구,https://kr.indeed.com/rc/clk?jk=86787c316fe2fe9c&fccid=7dc5a68cd7d61777&vjs=3
OFA Product Specialist의 전체 세부 정보,Atlas Copco Korea Co.  Ltd.,대한민국,https://kr.indeed.com/rc/clk?jk=e3ac9d966605a8fc&fccid=69e05d80459e61b8&vjs=3
[인공지능기업] 머신러닝 병역특례 전문연구요원의 전체 세부 정보,머니브레인,서울,https://kr.indeed.com/rc/clk?jk=28cb699ec609130e&fccid=928e065b762ec631&vjs=3
Software Engineer  Ecosystem - Korea의 전체 세부 정보,Aptos,서울,https://kr.indeed.com/rc/clk?jk=bae43ddafecac6d4&fccid=4edf6f7283dd42ad&vjs=3
풀필먼트 프로덕트 개발자 (Frontend - JavaScript  Vue  react)의 전체 세부 정보,컬리,서울 강남구,https://kr.indeed.com/rc/clk?jk=8c6a13d5412f6aa2&fccid=84f556ede0522ba3&vjs=3
카카오 API플랫폼 개발자 모집의 전체 세부 정보,카카오,성남 판교역,https://kr.indeed.com/rc/clk?jk=d81dfa3f7ed52662&fccid=2952458d506281b4&vjs=3
Brand Designer의 전체 세부 정보,Crypto.com,서울,https://kr.indeed.com/rc/clk?jk=3235e512ea0d7cf2&fccid=18bfd14af40ab66a&vjs=3
플랫폼 프론트엔드 개발자 (React)를 모십니다.의 전체 세부 정보,(주)휴톰 관심기업,서울 대흥동,https://kr.indeed.com/rc/clk?jk=68fa2e8f6b62e92a&fccid=667cf6cbd3cba549&vjs=3
프론트엔드(web) - React  Next.js  CSS Library  AWS  Git의 전체 세부 정보,루먼랩,서울 송파구,https://kr.indeed.com/rc/clk?jk=f75ca3c347f81a5e&fccid=76088ea8a58a01aa&vjs=3
[카카오커머스] 기술직군의 전체 세부 정보,카카오커머스,성남 분당구,https://kr.indeed.com/rc/clk?jk=2b9e604e63e7e46d&fccid=b1f5de6cae96f6c2&vjs=3
(주) 패스트림 React 웹 개발자의 전체 세부 정보,패스트림,서울 서초구,https://kr.indeed.com/rc/clk?jk=ccce757f9470d07d&fccid=e9d4861e38b26c44&vjs=3
APP Developer의 전체 세부 정보,프론트로,서울,https://kr.indeed.com/company/%ED%94%84%EB%A1%A0%ED%8A%B8%EB%A1%9C/jobs/App-Developer-457ef6b379ed8384?fccid=faa09994fff68f89&vjs=3
[놀아조]프론트엔드 개발자(React Native) 신입/경력 정규직의 전체 세부 정보,놀아조,서울,https://kr.indeed.com/rc/clk?jk=a9fcfc155b93dd2e&fccid=89cd76707c0e27fb&vjs=3
플랫폼 개발-프론트앤드 개발자의 전체 세부 정보,띵스파이어,서울 영등포구,https://kr.indeed.com/rc/clk?jk=f0a8c8881599d2d2&fccid=01368044e18e491c&vjs=3
[머신러닝솔루션기업] React 개발자 3년이상의 전체 세부 정보,바인컨설팅,서울 용산구,https://kr.indeed.com/rc/clk?jk=60b2f15b41c3093b&fccid=d906cf510e8cbca3&vjs=3
윈도우 응용 프로그램 / Smart Factory 솔루션 개발의 전체 세부 정보,인터켐코리아,서울,https://kr.indeed.com/rc/clk?jk=5e617902eaa36282&fccid=c2bc6f4ddf18c91a&vjs=3
[인공지능기업] 병역특례 산업기능요원 (SW개발자)의 전체 세부 정보,머니브레인,서울,https://kr.indeed.com/rc/clk?jk=d3a6ba916d772b85&fccid=928e065b762ec631&vjs=3
프론트엔드(REACT) 경력 정규직의 전체 세부 정보,넥스트커리어,서울 강남구,https://kr.indeed.com/rc/clk?jk=488aa0da8843c327&fccid=2d777ccbd7a449c1&vjs=3
프론트엔드 신입 / 경력 개발자의 전체 세부 정보,와이즈텍,서울 용산구,https://kr.indeed.com/rc/clk?jk=ea99143338a319b7&fccid=8b01882cef0e8002&vjs=3
Language Researcher / Data Analyst의 전체 세부 정보,DataForce by TransPerfect,서울,https://kr.indeed.com/company/DataForce-by-TransPerfect/jobs/Language-Researcher-121b3cd80941d462?fccid=496dd2965b81c8be&vjs=3
System Administrator의 전체 세부 정보,Oracle,서울,https://kr.indeed.com/rc/clk?jk=3ed4875b426a7a4e&fccid=cd22d01053af7669&vjs=3
프론트엔드 개발자  백엔드 개발자 중의 전체 세부 정보,로드윌,대전광역시,https://kr.indeed.com/rc/clk?jk=adcedcfe93437ce1&fccid=dfbb25d823af0f88&vjs=3
[인텔리전스랩스] 유저프로파일팀 백엔드 개발자 (Java/Node.js)의 전체 세부 정보,Nexon,경기도 성남,https://kr.indeed.com/rc/clk?jk=b4a3298e93781731&fccid=aba87288e4cc3687&vjs=3
Guest Services Officer (Incheon)의 전체 세부 정보,AirAsia,인천,https://kr.indeed.com/rc/clk?jk=7a65fea5c2cec3f5&fccid=350f4541eb63ccf6&vjs=3
Frontend 개발자의 전체 세부 정보,앤씨앤,성남 분당구,https://kr.indeed.com/rc/clk?jk=07f061a258820b8b&fccid=e0ebb3045283ebe8&vjs=3
FrontEnd Developer(프론트앤드) 클라이언트 개발자 경력의 전체 세부 정보,에스제이에이치스튜디오,서울 역삼동,https://kr.indeed.com/rc/clk?jk=89a05c7c844b1526&fccid=b160cc3e023e1129&vjs=3
Frontend Developer의 전체 세부 정보,아우름플래닛,서울 마포구,https://kr.indeed.com/rc/clk?jk=2c424681fddd90dc&fccid=553095a190e81a86&vjs=3
Reinsurance & Product Manager의 전체 세부 정보,AIG,서울,https://kr.indeed.com/rc/clk?jk=1d1d079d74b6928f&fccid=9a92a4bf81326e1e&vjs=3
[BATTLEGROUNDS] Anti-Cheat 플랫폼 엔지니어 (2년 이상)의 전체 세부 정보,크래프톤,서울 서초구,https://kr.indeed.com/rc/clk?jk=aa835d5c6ab38b89&fccid=0aeb279b74dee723&vjs=3
.NET  C#  React  프론트엔드  백엔드 외 신입/경력 정규직의 전체 세부 정보,디포커스,서울 성동구,https://kr.indeed.com/rc/clk?jk=d32c39cd2f3c0f33&fccid=94cb52fcbb33911f&vjs=3
[신입/경력] 백앤드/프론트앤드 개발자의 전체 세부 정보,포에스텍,서울 성동구,https://kr.indeed.com/rc/clk?jk=0c6d2dbaa9d96000&fccid=3476005418c1964d&vjs=3
2022년 상반기 백엔드 개발자의 전체 세부 정보,반달소프트,성남 분당구,https://kr.indeed.com/rc/clk?jk=1601f1bfe3302af5&fccid=f35f7fc5e918087a&vjs=3
오지 백엔드 엔지니어 찾고 있습니다.의 전체 세부 정보,오지,서울 서초구,https://kr.indeed.com/rc/clk?jk=f527f5c918f8a729&fccid=6db94cab58a1fb7d&vjs=3
[협업툴] Front-End 개발(javascript  React.js  React Native 중  하나)의 전체 세부 정보,콜라비팀,서울 강남구,https://kr.indeed.com/rc/clk?jk=04bfd9f54ac86232&fccid=33a3126ff5d1df70&vjs=3
온라인 코딩교육 스타트업 Web Full Stack 개발자 3년이상의 전체 세부 정보,그레이프 파트너즈,서울 종로구,https://kr.indeed.com/rc/clk?jk=82b2ff1b7f1200cc&fccid=e4111ad0459bc402&vjs=3
[카카오 클라우드] Cloud 서비스 (Infra as a Service) 개발자 모집의 전체 세부 정보,카카오,성남 판교역,https://kr.indeed.com/rc/clk?jk=9681bee6bfc434f1&fccid=2952458d506281b4&vjs=3
[Bodyall] 앱 - React Native 프론트엔드 개발의 전체 세부 정보,미디어엘,서울,https://kr.indeed.com/company/%EB%AF%B8%EB%94%94%EC%96%B4%EC%97%98/jobs/%EC%95%B1-c62a6e6e5384bcbb?fccid=1710e43545ad5d15&vjs=3
프론트엔드(Front-end) 개발자님 정중히 (react-native)의 전체 세부 정보,위솝,서울 마포구,https://kr.indeed.com/rc/clk?jk=b226536a79e18737&fccid=17a370bb75419be0&vjs=3
[NFT Metaverse Dept.] Server Programmer (3년 ~ 10년)의 전체 세부 정보,크래프톤,서울 서초구,https://kr.indeed.com/rc/clk?jk=e80099abee762c28&fccid=0aeb279b74dee723&vjs=3
(주)피타그래프 정보시스템 개발 부문 서울의 전체 세부 정보,피타그래프,서울 강서구,https://kr.indeed.com/rc/clk?jk=5de99e3dbd7e8f58&fccid=c232c1ff01bc06df&vjs=3
프론트엔드 웹 개발자의 전체 세부 정보,펄핏,서울 강남구,https://kr.indeed.com/rc/clk?jk=9ba2af0dadae83c3&fccid=7de729fac59952f3&vjs=3
[카카오 클라우드] 컨테이너 기반 CI/CD 플랫폼 개발자 모집의 전체 세부 정보,카카오,성남 판교역,https://kr.indeed.com/rc/clk?jk=9303bedf25d412c8&fccid=2952458d506281b4&vjs=3
핀테크 플랫폼 개발의 전체 세부 정보,NHN PAYCO,성남 판교역,https://kr.indeed.com/rc/clk?jk=ed092cebbdf903d9&fccid=a72ebaf825acf7af&vjs=3
Full Stack Developer (InfraOps)의 전체 세부 정보,Toss,서울,https://kr.indeed.com/rc/clk?jk=e8e7e8ca064a15b1&fccid=18c4935c8ec646d5&vjs=3
Frontend 개발자의 전체 세부 정보,플리토,서울 강남구,https://kr.indeed.com/rc/clk?jk=cb85566aedd4d1cf&fccid=01aed038bcce2a5f&vjs=3
군집 운반 로봇 AI 관제 솔루션 웹 프론트엔드 개발의 전체 세부 정보,다임리서치,서울 서초구,https://kr.indeed.com/rc/clk?jk=cbba6ec53dbb2ee2&fccid=ddeab1acfe374e7e&vjs=3
Frontend Software Engineer의 전체 세부 정보,페어스퀘어랩,서울 서초구,https://kr.indeed.com/rc/clk?jk=d99d0e67abb71c8f&fccid=a637ac3721025e50&vjs=3
[인공지능기업] Front-End  HTML  CSS의 전체 세부 정보,머니브레인,서울,https://kr.indeed.com/rc/clk?jk=655b7360721ec6a7&fccid=928e065b762ec631&vjs=3
Senior Software Engineer (Node.js  React)의 전체 세부 정보,크렐로,서울 강남구,https://kr.indeed.com/rc/clk?jk=556faab17c5edd4f&fccid=e1488ed089d56d7b&vjs=3
[Tech] React Native Developer의 전체 세부 정보,띵스플로우,서울 성동구,https://kr.indeed.com/rc/clk?jk=49245b6f6b432f21&fccid=47cf40efd36aaca4&vjs=3
웹개발자(Java React  Vue  api)  포항 광양 근무가능의 전체 세부 정보,네이처아이,포항 남구,https://kr.indeed.com/rc/clk?jk=fdabd9a6198d9699&fccid=4a45c004143471f1&vjs=3
군집 운반 로봇 AI 관제 솔루션 서버 개발의 전체 세부 정보,다임리서치,서울 서초구,https://kr.indeed.com/rc/clk?jk=00698516073fa291&fccid=ddeab1acfe374e7e&vjs=3
Front-end Engineer - 커머스플랫폼의 전체 세부 정보,기아,서울 서초구,https://kr.indeed.com/rc/clk?jk=ead84399ac395eab&fccid=4407ef3f1668028b&vjs=3
2022년 상반기 프론트엔드 개발자의 전체 세부 정보,반달소프트,성남 분당구,https://kr.indeed.com/rc/clk?jk=9d159f96dc2b5683&fccid=f35f7fc5e918087a&vjs=3
[Project Plus] Scenario Writing (3년 ~ 10년)의 전체 세부 정보,크래프톤,성남 분당구,https://kr.indeed.com/rc/clk?jk=5f77da7051f9e6c4&fccid=0aeb279b74dee723&vjs=3
클라이언트 개발자 FrontEnd Developer의 전체 세부 정보,에스제이에이치스튜디오,서울 역삼동,https://kr.indeed.com/rc/clk?jk=4889d2814b462d35&fccid=b160cc3e023e1129&vjs=3
[쿠팡FTS] Staff  Front-end Engineer(Delivery Tech)의 전체 세부 정보,Coupang,서울,https://kr.indeed.com/rc/clk?jk=1c9b3416dc51d587&fccid=56e12959d04ef145&vjs=3
(주)비브이씨  프론트엔드 개발자 (정규직/유연근무제)의 전체 세부 정보,비브이씨,서울 마포구,https://kr.indeed.com/rc/clk?jk=d235f23251ca7052&fccid=1897be4b0dd0ade1&vjs=3
[실내외배송로봇] 프론트 엔드 웹 개발자의 전체 세부 정보,로보티즈,서울 강서구,https://kr.indeed.com/rc/clk?jk=6bda9a114d9db74e&fccid=3f656eb87b759ea2&vjs=3
프론트엔드 개발자(경력) / React-Native의 전체 세부 정보,쓰리제이,서울 마포구,https://kr.indeed.com/rc/clk?jk=e0a85ca665467b69&fccid=63986c310cf221b5&vjs=3
[IT운영팀] Frontend Developer의 전체 세부 정보,한화그룹,서울,https://kr.indeed.com/rc/clk?jk=ddb3fb67ebf12a36&fccid=bd0dc1817223394f&vjs=3
프론트엔드 엔지니어 (Frontend Engineer)의 전체 세부 정보,라포랩스,서울 강남구,https://kr.indeed.com/rc/clk?jk=54c42ebcdea9de45&fccid=06f4cba9fe991729&vjs=3
[METABEAT] 개발자(Front-end/React Native/Back-end) 부문 신입의 전체 세부 정보,메타비트,서울 강남구,https://kr.indeed.com/rc/clk?jk=f8029508d8e6e4a4&fccid=7a38093f5084705e&vjs=3
[위메프오] 프론트엔드 개발자의 전체 세부 정보,위메프,대한민국,https://kr.indeed.com/rc/clk?jk=862a3e5756435e29&fccid=2f8799a5ef214646&vjs=3
1월 Frontend 개발 분야 모집의 전체 세부 정보,11번가,서울 남대문로5가,https://kr.indeed.com/rc/clk?jk=4d2b8bd457804386&fccid=aba8aade58c00c02&vjs=3
JAVA 서버 개발의 전체 세부 정보,NHN PAYCO,성남 판교역,https://kr.indeed.com/rc/clk?jk=4ad91794ab7d80cf&fccid=a72ebaf825acf7af&vjs=3
China Correspondent의 전체 세부 정보,The New York Times,서울,https://kr.indeed.com/rc/clk?jk=a17e06c42b485b5a&fccid=1b50fcfb150b1b48&vjs=3
파이썬(python) 백엔드 개발자 (전문연구요원 가능)의 전체 세부 정보,아토머스,서울 강남구,https://kr.indeed.com/rc/clk?jk=240326a26bd13bf2&fccid=660bbb21789ab63d&vjs=3
[텐일레븐] 2022 전문연구요원의 전체 세부 정보,텐일레븐,서울 마포구,https://kr.indeed.com/rc/clk?jk=527442eab598f872&fccid=0f5d2b7ae2acaa89&vjs=3
[ICT] Frontend Developer[매니저  책임매니저]의 전체 세부 정보,현대자동차그룹,대한민국,https://kr.indeed.com/rc/clk?jk=22044c233d5582b5&fccid=980d6ecc399a3373&vjs=3
React Native 앱 엔지니어(Global)의 전체 세부 정보,RIDI Corp,서울,https://kr.indeed.com/rc/clk?jk=47e7dc65475636c4&fccid=ba4215b904dee414&vjs=3
Web Application Developer for Ads - Korea (1-year contract)의 전체 세부 정보,MOLOCO,서울,https://kr.indeed.com/rc/clk?jk=1273c241a4f8ec41&fccid=27317bcae2b26fe5&vjs=3
[IT운영팀] Backend Developer의 전체 세부 정보,한화그룹,서울,https://kr.indeed.com/rc/clk?jk=b8b2d14f35eb706a&fccid=bd0dc1817223394f&vjs=3
Full Stack React Web Developers,silverorange,Canada Only,https://weworkremotely.com//remote-jobs/silverorange-full-stack-react-web-developers
Full Stack Software Engineer (Python / Django / React),Trustworthy,Anywhere in the World,https://weworkremotely.com//remote-jobs/trustworthy-full-stack-software-engineer-python-django-react-1
Senior React Developer - Remote,G2i Inc.,Americas Only/Europe Only,https://weworkremotely.com//remote-jobs/g2i-inc-senior-react-developer-remote
React & React Native Developer,lemon.io,Latin America Only/Europe Only/Canada Only,https://weworkremotely.com//remote-jobs/lemon-io-react-react-native-developer-2
Full-stack Developer (React/Node),lemon.io,Latin America Only/Europe Only/Canada Only,https://weworkremotely.com//remote-jobs/lemon-io-full-stack-developer-react-node-3
Fullstack Developer (React  React Native  Node.js) - Remote,G2i Inc.,Americas Only/Europe Only,https://weworkremotely.com//remote-jobs/g2i-inc-fullstack-developer-react-react-native-node-js-remote
Senior React Native Developer: Long-term job - 100% remote,Proxify AB,Anywhere in the World,https://weworkremotely.com//remote-jobs/proxify-ab-senior-react-native-developer-long-term-job-100-remote
Senior Open Source Developer & DevOps (Python  Django  React  AWS/OpenStack),OpenCraft,Anywhere in the World,https://weworkremotely.com//remote-jobs/opencraft-senior-open-source-developer-devops-python-django-react-aws-openstack
Frontend Engineer (ES8/React/Redux/Saga) ,Files.com,USA Only,https://weworkremotely.com//remote-jobs/files-com-frontend-engineer-es8-react-redux-saga
Fullstack React Typescript Developer,CloudDevs,Anywhere in the World,https://weworkremotely.com//remote-jobs/clouddevs-fullstack-react-typescript-developer
Full-Stack Ruby/Rails/React Software Developer,ServusConnect,USA Only,https://weworkremotely.com//remote-jobs/servusconnect-full-stack-ruby-rails-react-software-developer
React Native developer ,Appy Ventures,Anywhere in the World,https://weworkremotely.com//remote-jobs/appy-ventures-react-native-developer
Senior Frontend Developer (React/React Native) - Remote,G2i Inc.,Americas Only,https://weworkremotely.com//remote-jobs/g2i-inc-senior-frontend-developer-react-react-native-remote
Remote Frontend Developer (JavaScript + React),Toggl,Europe Only,https://weworkremotely.com//remote-jobs/toggl-remote-frontend-developer-javascript-react-1
ReactJS Web Developer - Remote/SaaS (m/f/d),SocialHub,Anywhere in the World,https://weworkremotely.com//remote-jobs/socialhub-reactjs-web-developer-remote-saas-m-f-d-1
Senior Front-End React Native Engineer,Maharishi Foundation International,Anywhere in the World,https://weworkremotely.com//remote-jobs/maharishi-foundation-international-senior-front-end-react-native-engineer-3
Senior Ionic + React Engineer,Clevertech,Anywhere in the World,https://weworkremotely.com//remote-jobs/clevertech-senior-ionic-react-engineer
